,Mag_X,Mag_Y,Mag_Z
Mag_X,18929.53856435566,-804.9850656704025,2934.2025143049427
Mag_Y,-804.9850656704025,17296.749169192986,261.603977245679
Mag_Z,2934.2025143049427,261.603977245679,20546.36676296397
